net,length_um
clknet_2_0__leaf_clk,427.99
clknet_2_2__leaf_clk,382.84
clknet_2_1__leaf_clk,367.63
_0758_,344.91
_0881_,338.84
_0771_,318.8
_0736_,316.18
_0714_,314.785
clknet_0_clk,307.01
_0913_,302.36
_0909_,301.17
_0783_,297.8
_0840_,297.75
_0914_,296.78
_1484_,294.33
_1483_,289.465
_0731_,289.145
clknet_2_3__leaf_clk,285.33
_0874_,280.68
_0705_,273.68
net5,268.18
_0715_,267.58
_1861_,266.335
_0803_,264.97
_0738_,264.64
_0693_,264.31
_0879_,263.815
_0904_,260.94
net33,257.43
_0922_,253.235
_0759_,252.99
_0707_,250.5
_0808_,246.81
_0876_,246.385
_0965_,245.11
_0704_,242.49
_0954_,241.285
_0746_,238.78
_0740_,236.63
_0706_,236.47
_0697_,235.935
net3,233.75
_0952_,232.95
_0895_,231.67
clk,230.61
_0702_,229.71
_0698_,228.605
_0773_,227.215
_0727_,226.29
_0696_,225.08
_0745_,219.25
_1868_,216.5
_0898_,215.59
_0748_,214.37
_0733_,213.25
_0858_,213.04
_1486_,212.73
_0878_,212.58
_0933_,209.1
_0802_,207.68
_1876_,206.4
_0700_,202.885
_0813_,201.94
_0737_,201.12
_0710_,198.57
_1304_,195.24
_1875_,195.09
_0723_,194.57
_0757_,193.31
_0716_,192.43
_0779_,190.92
_0900_,189.99
_0741_,188.56
_0781_,188.49
_0694_,187.115
_0701_,186.46
_1041_,184.63
_0724_,184.155
_1877_,183.88
_1405_,183.195
_1487_,182.7
_0703_,181.91
_0001_,180.15
_0735_,179.165
_1862_,177.785
_0816_,177.54
_1674_,176.87
_0711_,176.79
net4,176.66
_0776_,175.07
_0726_,174.515
_1135_,174.15
_0770_,174.06
_2061_,172.2
_0774_,169.54
_1678_,168.54
_0685_,168
_1085_,167.67
_0939_,167.34
_0742_,167.18
net7,166.36
net8,164.71
_1671_,160.66
_0885_,160.12
_0734_,159.18
_1482_,157.45
_0782_,156.52
_1014_,155.57
_0826_,152.25
_1490_,148.64
clknet_leaf_24_clk,147.76
net1,147.08
net6,146.08
_0861_,144.975
_1185_,144.41
_0722_,144.33
_1198_,143.86
_1112_,142.09
net26,140.69
_1146_,140.66
_1668_,140.64
_0780_,140.57
_1667_,140.52
_0717_,139.42
_0721_,139.2
_1157_,136.7
_0772_,135.845
clknet_leaf_47_clk,135.58
_1260_,134.24
_1171_,133.83
_0812_,133.2
_1737_,132.72
clknet_leaf_6_clk,132.315
_1672_,132.06
net19,131.73
clknet_leaf_2_clk,131.435
_0974_,130.64
_1666_,130.19
_0744_,129.58
clknet_leaf_38_clk,124.95
clknet_leaf_26_clk,124.94
_1468_,124.93
_0743_,124.74
clknet_leaf_32_clk,123.955
_1706_,123.53
clknet_leaf_35_clk,122.64
_1495_,121.02
_0839_,120.89
_0712_,120.77
clknet_leaf_33_clk,120.68
clknet_leaf_37_clk,120.54
_1350_,120.425
_1715_,120.375
_1220_,120
_1673_,118.52
clknet_leaf_22_clk,117.36
_1703_,116.02
_1682_,114.96
_1228_,114.8
_0730_,114.73
_0720_,114.3
clknet_leaf_46_clk,114.14
net30,114.12
clknet_leaf_9_clk,114.02
clknet_leaf_25_clk,114.015
_1720_,113.91
_1713_,113.83
_0857_,113.585
_0778_,113.14
clknet_leaf_48_clk,112.72
_0754_,112.2
_0756_,111.89
_1793_,111.73
_1308_,111.14
_1790_,111.06
_1094_,110.21
_1133_,109.98
clknet_leaf_40_clk,109.4
clknet_leaf_27_clk,108.73
_0907_,108.3
_1796_,107.86
clknet_leaf_49_clk,107.2
_0788_,106.94
_1736_,106.27
clknet_leaf_13_clk,105.88
_0867_,105.3
net32,105.18
clknet_leaf_19_clk,104.82
clknet_leaf_28_clk,104.18
_1242_,103.94
clknet_leaf_41_clk,103.38
_0769_,103.34
_0713_,103.19
_1481_,102.62
clknet_leaf_34_clk,102.62
net27,100.64
net9,99.9
_1722_,99.59
clknet_leaf_1_clk,99.52
_1741_,99.41
_1717_,97.86
_0751_,97.78
clknet_leaf_44_clk,96.8
_1731_,95.88
_1136_,95.6
net24,95.16
_1051_,95.04
_1008_,94.85
clknet_leaf_3_clk,94.215
u_core.u_regfile.rf\[31\]\[25\],93.64
_1091_,93.03
_1795_,92.89
clknet_leaf_36_clk,92.84
_0866_,92.385
_1792_,92.32
_0762_,92.13
_1624_,91.86
_1245_,91.77
_0750_,91.58
_1739_,91.34
clknet_leaf_8_clk,91.28
_0709_,91.175
_1724_,90.76
_1625_,90.42
clknet_leaf_18_clk,90.32
_0938_,90.28
_1325_,90.26
_1623_,90.16
_1705_,89.48
u_timer.count_reg\[7\],88.92
_1056_,88.82
net23,88.8
clknet_leaf_30_clk,88.78
clknet_leaf_31_clk,88.66
_1183_,88.62
net28,88.33
_1057_,87.92
_1726_,87.21
_1052_,86.99
_1794_,86.64
_1730_,86.32
_1416_,85.8
clknet_leaf_43_clk,85.76
_1231_,85.68
_0688_,85.48
clknet_leaf_10_clk,85.28
_2062_,85.155
net91,85.02
_1332_,84.68
_1683_,84.415
_1253_,84.3
_1009_,84.24
clknet_leaf_14_clk,83.44
net21,83.1
clknet_leaf_15_clk,82.98
net10,82.78
_0944_,81.22
_1406_,81.02
_0695_,80.82
u_core.u_regfile.rf\[31\]\[24\],80.24
clknet_leaf_12_clk,79.74
_1791_,79.33
_1541_,78.72
clknet_leaf_42_clk,78.68
_0818_,78.58
u_core.u_regfile.rf\[31\]\[22\],78.52
_1704_,78.48
u_core.u_regfile.rf\[6\]\[19\],78.39
_0838_,78.38
clknet_leaf_23_clk,77.68
_1502_,77.62
_1629_,77.31
_1279_,76.3
_1630_,76.28
_1680_,76.16
_0960_,76.12
_1251_,75.9
_1669_,75.8
_0761_,75.78
_0794_,75.48
u_core.u_regfile.rf\[5\]\[12\],75.41
clknet_leaf_21_clk,75.26
_0799_,75.12
_1725_,74.96
_1158_,74.7
u_core.u_regfile.rf\[31\]\[20\],74.7
_0916_,74.66
_1261_,74.65
u_core.u_regfile.rf\[31\]\[17\],74.3
_0728_,73.86
_1367_,73.8
_1366_,73.5
_1222_,73.42
_1670_,73.12
_1480_,72.88
_1505_,72.8
u_core.u_regfile.rf\[5\]\[14\],72.02
u_core.u_regfile.rf\[31\]\[5\],71.84
_0982_,71.04
_1217_,70.98
_0889_,70.94
clknet_leaf_7_clk,70.48
_0767_,70.12
_0653_,69.72
_1104_,69.66
_1714_,69.555
u_core.u_regfile.rf\[28\]\[15\],68.3
_1632_,67.98
u_timer.count_reg\[8\],67.96
u_timer.count_reg\[14\],67.46
clknet_leaf_0_clk,67.28
_1125_,67.18
net20,67
_1686_,66.83
_1628_,66.65
_0800_,66.4
_1265_,66.38
_1700_,66.18
_1371_,66.13
u_pc.irq,65.95
_1631_,65.54
u_core.u_regfile.rf\[31\]\[23\],65.14
_1461_,65.065
u_timer.count_reg\[12\],65.04
_1397_,64.85
u_core.u_regfile.rf\[28\]\[17\],64.72
_1688_,64.52
_1209_,64.43
_1626_,64.34
_0869_,64.1
_1204_,64.1
_1458_,64.035
_1093_,64.02
_1277_,63.92
_0924_,63.72
_1396_,63.38
_0752_,62.84
_0668_,62.6
_1411_,62.32
_0973_,62.28
_1418_,62.28
clknet_leaf_39_clk,62.22
_1627_,62.09
u_timer.count_reg\[10\],62.06
_1633_,61.91
_1413_,61.36
_1693_,61.26
u_core.u_regfile.rf\[1\]\[19\],61.24
clknet_leaf_50_clk,60.5
u_core.u_regfile.rf\[6\]\[31\],60.4
net29,60.11
_1122_,59.4
clknet_leaf_20_clk,59.4
u_timer.count_reg\[9\],59.21
u_imem.addr\[3\],59.16
_0903_,59
_0911_,58.74
clknet_leaf_29_clk,58.46
_1451_,58.37
_0687_,58.08
u_core.u_regfile.rf\[31\]\[16\],57.84
u_core.u_regfile.rf\[6\]\[22\],57.78
clknet_leaf_4_clk,57.74
_1206_,57.555
u_core.u_regfile.rf\[31\]\[21\],57.08
_0684_,56.38
_1152_,56.38
_0814_,55.88
u_core.u_regfile.rf\[28\]\[14\],55.86
_0871_,55.62
_1268_,55.495
u_timer.count_reg\[24\],55.08
_1695_,55.01
net564,54.88
clknet_leaf_16_clk,54.8
_1681_,54.72
u_audio.s_axi_bvalid,54.68
_0766_,54.67
_0686_,54.42
_0963_,54.3
_1073_,54.21
u_core.u_regfile.rf\[31\]\[7\],53.96
_0749_,53.92
_1360_,53.78
_2067_,53.73
net31,53.69
net22,53.41
clknet_leaf_5_clk,53.4
_1419_,53.14
net25,53.11
u_core.u_regfile.rf\[6\]\[18\],52.84
_1694_,52.5
_0678_,52.36
u_timer.count_reg\[15\],52.28
_1202_,52.26
u_timer.count_reg\[13\],52.12
_1028_,52.04
_1452_,51.88
_1344_,51.77
_0753_,51.32
u_timer.count_reg\[26\],51.2
_0945_,51.15
u_timer.count_reg\[16\],51.13
u_core.u_regfile.rf\[31\]\[15\],50.96
u_core.u_regfile.rf\[31\]\[13\],50.86
_1042_,50.76
u_imem.addr\[4\],50.68
_0620_,50.66
_0992_,50.56
_1359_,50.28
u_timer.count_reg\[25\],49.895
_0856_,49.17
u_core.u_regfile.rf\[6\]\[30\],49
_1515_,48.92
_1270_,48.57
_1247_,48.46
_0890_,48.24
_1026_,48.08
_0968_,47.66
net12,47.66
_1092_,47.36
u_core.u_regfile.rf\[1\]\[16\],47.28
u_core.u_regfile.rf\[31\]\[11\],47.24
u_timer.count_reg\[28\],47.22
clknet_leaf_45_clk,46.64
u_core.u_regfile.rf\[28\]\[27\],46.52
_1309_,46.46
_1469_,46.18
_0993_,46.1
u_core.u_regfile.rf\[31\]\[12\],45.955
u_timer.count_reg\[27\],45.91
_1134_,45.75
_0842_,45.64
_0828_,45.6
_0941_,45.6
_0841_,45.52
_0787_,45.46
_1126_,45.38
_0621_,45.34
_0951_,45.34
u_core.u_regfile.rf\[31\]\[9\],45.22
u_core.u_regfile.rf\[6\]\[16\],44.98
_0970_,44.4
u_timer.count_reg\[1\],44.28
_1410_,44.24
u_timer.count_reg\[3\],44.09
_0755_,43.94
_0931_,43.94
u_timer.count_reg\[11\],43.86
_1307_,43.8
u_core.u_regfile.rf\[31\]\[0\],43.48
_0906_,43.2
_0967_,43.1
_1353_,43.1
_1389_,42.96
_1544_,42.96
_0860_,42.95
_1109_,42.66
u_core.u_regfile.rf\[7\]\[6\],42.56
_0609_,42.42
_1082_,42.42
_1465_,42.415
u_timer.count_reg\[22\],42.15
_0886_,42
u_core.u_regfile.rf\[4\]\[2\],42
u_core.u_regfile.rf\[31\]\[10\],41.82
u_timer.count_reg\[4\],41.52
_1214_,41.22
u_core.u_regfile.rf\[31\]\[19\],41.2
_0910_,41.12
u_core.u_regfile.rf\[6\]\[5\],41.08
u_core.u_regfile.rf\[5\]\[10\],40.99
_0768_,40.94
net13,40.76
_1115_,40.74
_1274_,40.66
u_timer.count_reg\[18\],40.4
_1293_,40.375
_0584_,39.92
_1388_,39.6
_1444_,39.56
_0958_,39.54
_1079_,39.4
_1324_,39.38
_0797_,39.34
_0617_,39.28
u_timer.threshold_reg\[29\],38.965
_1189_,38.92
_1391_,38.84
u_core.u_regfile.rf\[7\]\[7\],38.72
_1393_,38.64
_0888_,38.62
u_timer.count_reg\[0\],38.52
u_core.u_regfile.rf\[6\]\[6\],38.3
_0833_,38.28
_1471_,38.28
u_timer.threshold_reg\[17\],38.24
_1679_,38.235
u_core.u_regfile.rf\[6\]\[24\],38.22
_1563_,38.06
u_timer.count_reg\[20\],37.97
_0739_,37.94
_0628_,37.9
u_timer.count_reg\[19\],37.9
_1443_,37.82
_0920_,37.8
u_timer.threshold_reg\[24\],37.5
u_core.u_regfile.rf\[28\]\[26\],37.46
_1585_,37.4
_1096_,37.24
u_audio.counter\[6\],37.06
_1221_,36.96
_0760_,36.94
u_core.u_regfile.rf\[6\]\[0\],36.88
u_core.u_regfile.rf\[5\]\[8\],36.84
_1147_,36.78
_1200_,36.68
_1297_,36.625
_0996_,36.62
_0792_,36.36
_1577_,36.23
_1291_,36.17
_1454_,36.1
_1446_,36.09
u_timer.count_reg\[6\],36.04
_1498_,35.795
_0927_,35.78
_0692_,35.7
_1564_,35.7
u_timer.count_reg\[5\],35.695
_1401_,35.64
_0964_,35.52
u_core.u_regfile.rf\[5\]\[17\],35.46
_0606_,35.4
_0579_,35.38
net34,35.15
_1142_,35.14
u_timer.count_reg\[23\],35.14
_1215_,35.1
_0917_,34.88
_1162_,34.84
u_audio.counter\[1\],34.76
_0827_,34.71
u_timer.count_reg\[2\],34.25
_0979_,34.24
net18,34.14
_2115_,34.12
_0862_,34.1
u_audio.counter\[4\],34.06
_1566_,34.04
u_core.u_regfile.rf\[5\]\[24\],34
_0989_,33.88
_1317_,33.88
_1464_,33.84
_1236_,33.8
_0627_,33.72
_1131_,33.7
_1003_,33.52
_1313_,33.48
_2109_,33.48
_0634_,33.46
_0850_,33.38
_0847_,32.92
_1448_,32.86
_0790_,32.84
_1312_,32.82
_0908_,32.58
u_core.u_regfile.rf\[5\]\[11\],32.58
_0775_,32.55
_1071_,32.38
_0588_,32.32
_0880_,32.31
_0638_,32.18
_1473_,32.06
_1314_,31.87
_1186_,31.85
_0625_,31.74
u_core.u_regfile.rf\[31\]\[31\],31.6
_1195_,31.43
_0872_,31.32
u_audio.counter\[5\],31.24
_1278_,31.22
_1456_,31.175
u_core.u_regfile.rf\[31\]\[1\],31
_1178_,30.8
u_core.u_regfile.rf\[28\]\[24\],30.8
_1030_,30.78
_1280_,30.7
_1320_,30.5
_0637_,30.29
_1697_,30.28
_1565_,30.24
clknet_leaf_17_clk,30.22
_0006_,30.2
_1169_,30.08
_1299_,29.97
_1689_,29.96
u_core.u_regfile.rf\[7\]\[5\],29.96
_1470_,29.83
_1191_,29.74
_0683_,29.66
_0849_,29.64
u_core.u_regfile.rf\[7\]\[4\],29.64
_1522_,29.36
_0603_,29.355
_0605_,29.28
_1472_,29.28
_1701_,29.28
u_timer.threshold_reg\[18\],29.245
_1432_,29.24
_0823_,29.22
u_core.u_regfile.rf\[28\]\[22\],29.2
_1023_,29.14
_1428_,29.12
_1010_,28.94
_0987_,28.78
_1392_,28.7
_0612_,28.66
_1340_,28.46
_1533_,28.415
_1288_,28.2
_0925_,28.14
_1238_,28.135
_1190_,28.12
u_core.u_regfile.rf\[6\]\[26\],27.78
_1276_,27.77
_0641_,27.76
_1114_,27.68
u_core.u_regfile.rf\[28\]\[30\],27.6
_0829_,27.58
_0589_,27.54
_0953_,27.51
_0806_,27.5
u_core.u_regfile.rf\[28\]\[25\],27.48
_1562_,27.435
u_timer.threshold_reg\[21\],27.36
_0725_,27.34
_2114_,27.12
_0864_,27.1
_0834_,26.9
_0661_,26.6
_0901_,26.54
_0691_,26.42
_1203_,26.42
u_audio.counter\[0\],26.41
u_core.u_regfile.rf\[5\]\[19\],26.4
_1430_,26.38
u_core.u_regfile.rf\[1\]\[9\],26.36
_1235_,26.32
_1886_,26.28
_1479_,26.24
u_core.u_regfile.rf\[31\]\[14\],26.14
u_core.u_regfile.rf\[6\]\[28\],26.1
u_core.u_regfile.rf\[28\]\[28\],25.96
_0718_,25.92
_0950_,25.8
_1132_,25.8
_0859_,25.76
_0639_,25.67
_1033_,25.66
_0820_,25.62
u_core.u_regfile.rf\[7\]\[22\],25.58
_1532_,25.38
u_core.u_regfile.rf\[7\]\[17\],25.36
_0600_,25.26
_1412_,25.22
_1300_,25.17
net11,25.055
u_core.u_regfile.rf\[5\]\[21\],25.02
net111,25.02
_0846_,24.96
_0670_,24.925
u_core.u_regfile.rf\[7\]\[0\],24.92
_0597_,24.74
_0765_,24.72
_0253_,24.705
_1275_,24.66
_1395_,24.66
u_core.u_regfile.rf\[7\]\[3\],24.58
_0575_,24.48
_1111_,24.38
_1457_,24.18
u_core.u_regfile.rf\[31\]\[29\],24.1
_1708_,24.08
u_core.u_regfile.rf\[28\]\[29\],24.06
_1101_,24
_1249_,23.99
_0666_,23.955
u_core.u_regfile.rf\[1\]\[7\],23.955
_0604_,23.92
_1420_,23.88
_0005_,23.84
_1518_,23.82
u_core.u_regfile.rf\[6\]\[21\],23.78
_1207_,23.72
_0601_,23.63
_1899_,23.6
u_core.u_regfile.rf\[5\]\[23\],23.56
_1050_,23.5
u_timer.threshold_reg\[19\],23.46
_1692_,23.42
u_core.u_regfile.rf\[5\]\[20\],23.42
_1677_,23.36
u_core.u_regfile.rf\[28\]\[21\],23.34
u_core.u_regfile.rf\[4\]\[26\],23.32
_1937_,23.26
u_core.u_regfile.rf\[5\]\[13\],23.26
u_core.u_regfile.rf\[7\]\[2\],23.18
_1696_,23.16
u_core.u_regfile.rf\[7\]\[11\],23.08
_1442_,23
_1699_,22.96
_1211_,22.92
_1244_,22.92
_1174_,22.91
u_core.u_regfile.rf\[31\]\[28\],22.88
u_core.u_regfile.rf\[7\]\[14\],22.88
u_core.u_regfile.rf\[28\]\[20\],22.76
_1644_,22.72
_0673_,22.715
u_core.u_regfile.rf\[6\]\[27\],22.64
_0844_,22.58
_1337_,22.56
_1005_,22.54
_1648_,22.46
_1691_,22.42
_0626_,22.4
_0977_,22.34
u_core.u_regfile.rf\[5\]\[9\],22.34
_0793_,22.33
u_core.u_regfile.rf\[31\]\[18\],22.2
u_core.u_regfile.rf\[6\]\[15\],22.18
u_timer.threshold_reg\[28\],22.165
_1492_,22.14
_0789_,21.94
_1519_,21.92
_0663_,21.82
_1351_,21.81
_1237_,21.8
_1155_,21.76
_1449_,21.72
_1323_,21.7
_1525_,21.7
_1555_,21.7
_1549_,21.66
_0877_,21.6
_0928_,21.6
_1528_,21.6
u_core.u_regfile.rf\[1\]\[30\],21.6
_1086_,21.58
_0640_,21.545
_2071_,21.54
u_audio.counter\[2\],21.525
_1315_,21.46
_0747_,21.38
_1569_,21.38
_1685_,21.38
u_core.u_regfile.rf\[6\]\[3\],21.38
_0000_,21.26
_0247_,21.245
_1223_,21.24
u_core.u_regfile.rf\[1\]\[10\],21.14
_1423_,21.12
u_timer.threshold_reg\[15\],21.12
_0899_,21.085
u_timer.count_reg\[17\],21.06
_2051_,21.04
u_audio.counter\[7\],20.94
_1339_,20.92
_0921_,20.9
_0690_,20.84
u_core.u_regfile.rf\[6\]\[25\],20.84
_1509_,20.82
_1037_,20.78
u_timer.threshold_reg\[14\],20.78
u_timer.count_reg\[21\],20.72
_0919_,20.7
_1586_,20.7
_1301_,20.6
_1377_,20.58
u_core.u_regfile.rf\[4\]\[14\],20.58
_1567_,20.52
u_core.u_regfile.rf\[5\]\[18\],20.52
_1824_,20.5
_0045_,20.485
_1039_,20.46
_1369_,20.46
_2092_,20.38
u_core.u_regfile.rf\[28\]\[1\],20.34
_0786_,20.3
_1684_,20.3
_1053_,20.22
u_core.u_regfile.rf\[7\]\[12\],20.22
_1336_,20.18
_1019_,20.16
_2108_,20.16
_1338_,20.12
u_core.u_regfile.rf\[31\]\[30\],20.02
u_core.u_regfile.rf\[31\]\[6\],20
_0824_,19.92
u_core.u_regfile.rf\[29\]\[31\],19.8
_1151_,19.78
_1328_,19.78
_0582_,19.72
_2063_,19.62
_1526_,19.6
u_core.u_regfile.rf\[29\]\[24\],19.58
_1363_,19.56
_1759_,19.52
net410,19.48
_1302_,19.46
_0998_,19.44
_1250_,19.42
_1941_,19.34
_1165_,19.28
_1702_,19.28
u_core.u_regfile.rf\[29\]\[23\],19.22
_1394_,19.175
_1590_,19.14
_2113_,19.14
_1305_,19.1
u_core.u_regfile.rf\[5\]\[2\],19.08
_1177_,19.06
u_core.u_regfile.rf\[4\]\[20\],19.06
_1319_,19
_0664_,18.94
_1022_,18.94
_1546_,18.92
_1362_,18.9
_1942_,18.9
_0254_,18.885
_0836_,18.88
_0796_,18.86
_0855_,18.86
u_core.u_regfile.rf\[5\]\[31\],18.86
_1102_,18.78
_1589_,18.76
_1711_,18.695
_1218_,18.68
_0990_,18.66
u_timer.threshold_reg\[27\],18.66
net508,18.62
_0984_,18.58
u_core.u_regfile.rf\[28\]\[9\],18.58
_0242_,18.525
_1491_,18.48
_1530_,18.46
_1047_,18.45
u_core.u_regfile.rf\[5\]\[15\],18.44
_0894_,18.42
_1368_,18.42
_1012_,18.36
net68,18.36
_1116_,18.32
net150,18.32
u_timer.threshold_reg\[26\],18.28
_2077_,18.26
_1088_,18.24
_1285_,18.24
_1781_,18.22
net104,18.22
u_timer.count_reg\[30\],18.215
u_timer.threshold_reg\[20\],18.2
_1294_,18.18
u_core.u_regfile.rf\[4\]\[27\],18.18
_0189_,18.16
u_core.u_regfile.rf\[6\]\[10\],18.155
_1173_,18.12
_0616_,18.1
_0602_,18.08
_0811_,18.08
_1658_,18.08
_0130_,18.065
_1113_,18.06
_1163_,18
u_core.u_regfile.rf\[7\]\[20\],17.98
_0250_,17.92
u_core.u_regfile.rf\[29\]\[5\],17.92
u_core.u_regfile.rf\[1\]\[21\],17.78
_1364_,17.74
u_audio.counter\[3\],17.74
net2,17.74
_2110_,17.7
_1013_,17.68
_1455_,17.68
net49,17.66
_1074_,17.595
_1138_,17.56
_2041_,17.56
_0897_,17.48
_1118_,17.48
_1939_,17.46
_1400_,17.44
_1735_,17.44
u_core.u_regfile.rf\[29\]\[26\],17.44
_1000_,17.4
_1723_,17.4
_0821_,17.38
_1255_,17.32
_1272_,17.32
_1381_,17.3
u_core.u_regfile.rf\[6\]\[4\],17.28
_1647_,17.22
_1434_,17.2
u_core.u_regfile.rf\[4\]\[8\],17.18
_1156_,17.16
u_core.u_regfile.rf\[6\]\[1\],17.16
_2036_,17.14
_1127_,17.1
_1778_,17.08
_1150_,17.06
net128,16.955
u_timer.threshold_reg\[16\],16.93
u_core.u_regfile.rf\[4\]\[10\],16.92
net476,16.92
_1355_,16.9
_1494_,16.9
_1749_,16.88
_0667_,16.83
_1267_,16.76
_1935_,16.76
_0674_,16.74
u_core.u_regfile.rf\[6\]\[29\],16.74
u_core.u_regfile.rf\[7\]\[24\],16.74
u_core.u_regfile.rf\[28\]\[7\],16.735
_0662_,16.72
_0732_,16.72
_1777_,16.72
_0635_,16.7
_1318_,16.695
_0249_,16.685
_0729_,16.62
_1870_,16.62
u_imem.addr\[5\],16.6
_0152_,16.525
_1098_,16.48
_0581_,16.395
_0983_,16.38
u_core.u_regfile.rf\[29\]\[16\],16.34
u_core.u_regfile.rf\[29\]\[6\],16.34
_1375_,16.32
_1385_,16.32
_0261_,16.245
_1634_,16.24
_1349_,16.22
u_core.u_regfile.rf\[1\]\[22\],16.195
_0091_,16.14
_0923_,16.1
_1450_,16.1
_0611_,16.04
_1063_,16.04
u_audio.sample_reg\[0\],16.02
u_core.u_regfile.rf\[1\]\[17\],15.98
_0590_,15.94
_1414_,15.92
u_core.u_regfile.rf\[7\]\[15\],15.92
_1445_,15.9
net55,15.88
net317,15.86
_1917_,15.84
_1953_,15.84
u_core.u_regfile.rf\[1\]\[18\],15.8
_1936_,15.76
_0624_,15.74
_0658_,15.74
_0845_,15.72
_0893_,15.72
_0966_,15.7
_0785_,15.68
_0132_,15.645
_0002_,15.64
_0891_,15.64
_1329_,15.64
_1969_,15.64
_1106_,15.58
_1728_,15.54
_0041_,15.5
_0576_,15.48
u_core.u_regfile.rf\[31\]\[2\],15.475
net319,15.46
net89,15.42
gpio_pins[0],15.4
u_core.u_regfile.rf\[6\]\[14\],15.38
_0326_,15.365
_1246_,15.34
u_core.u_regfile.rf\[4\]\[13\],15.3
_1230_,15.28
_0971_,15.26
_1559_,15.26
_1141_,15.2
_1970_,15.18
_2098_,15.18
u_core.u_regfile.rf\[29\]\[20\],15.18
u_core.u_regfile.rf\[7\]\[31\],15.16
u_core.u_regfile.rf\[1\]\[0\],15.145
net513,15.14
u_core.u_regfile.rf\[1\]\[8\],15.1
_1354_,15.06
net85,15.04
net90,15.04
_1378_,15.02
_0643_,15
u_core.u_regfile.rf\[31\]\[26\],15
_1751_,14.98
u_core.u_regfile.rf\[5\]\[16\],14.98
_1201_,14.94
_1584_,14.94
_1587_,14.94
_0125_,14.92
_1284_,14.92
net426,14.92
_0884_,14.9
net483,14.88
u_core.u_regfile.rf\[29\]\[0\],14.82
net109,14.82
_1004_,14.8
_2049_,14.8
_1740_,14.78
u_core.u_regfile.rf\[29\]\[7\],14.78
_1059_,14.76
_0943_,14.74
_0830_,14.72
_1536_,14.72
u_core.u_regfile.rf\[31\]\[8\],14.72
_1493_,14.7
net545,14.7
_1376_,14.68
u_core.u_regfile.rf\[4\]\[11\],14.66
u_core.u_regfile.rf\[1\]\[28\],14.64
net255,14.64
_1243_,14.6
u_core.u_regfile.rf\[29\]\[8\],14.6
_0248_,14.585
_0957_,14.58
_1698_,14.52
_1128_,14.48
net504,14.46
net120,14.44
_0699_,14.42
_1303_,14.42
_1712_,14.42
net76,14.42
_0942_,14.38
u_core.u_regfile.rf\[4\]\[12\],14.38
u_core.u_regfile.rf\[7\]\[18\],14.38
_1478_,14.34
u_core.u_regfile.rf\[29\]\[2\],14.34
net84,14.3
_0268_,14.285
_1129_,14.265
u_core.u_regfile.rf\[31\]\[27\],14.26
_1065_,14.22
net116,14.22
_0577_,14.2
_0815_,14.18
_0988_,14.18
_1477_,14.18
_1421_,14.16
_1027_,14.155
u_core.u_regfile.rf\[29\]\[10\],14.14
u_core.u_regfile.rf\[29\]\[13\],14.14
net133,14.14
net431,14.14
_1192_,14.08
_1263_,14.02
_1994_,14.02
_0593_,14.01
_0631_,13.99
_0671_,13.98
_1417_,13.96
_1830_,13.96
_0613_,13.9
net466,13.9
net136,13.88
_1415_,13.82
u_core.u_regfile.rf\[1\]\[13\],13.8
u_core.u_regfile.rf\[4\]\[15\],13.8
_1049_,13.72
_1216_,13.72
_1538_,13.72
net360,13.72
net512,13.72
_0086_,13.705
_1208_,13.7
u_core.u_regfile.rf\[1\]\[20\],13.68
_1038_,13.66
_1119_,13.66
_1716_,13.66
net559,13.62
_0266_,13.605
_1649_,13.58
u_core.u_regfile.rf\[28\]\[19\],13.58
_0347_,13.575
u_core.u_regfile.rf\[1\]\[24\],13.565
_0047_,13.545
net543,13.54
_1489_,13.5
_1554_,13.48
_1404_,13.46
_0051_,13.425
_0111_,13.425
_1298_,13.42
_1373_,13.42
_0456_,13.405
u_core.u_regfile.rf\[6\]\[8\],13.38
u_imem.addr\[2\],13.38
_1087_,13.37
_1583_,13.36
_0243_,13.34
_1357_,13.34
u_timer.count_reg\[29\],13.34
_1224_,13.32
_0030_,13.3
u_core.u_regfile.rf\[4\]\[5\],13.3
u_core.u_regfile.rf\[6\]\[20\],13.3
net64,13.28
u_core.u_regfile.rf\[1\]\[6\],13.26
_1139_,13.24
u_core.u_regfile.rf\[28\]\[23\],13.22
_0026_,13.2
u_core.u_regfile.rf\[25\]\[2\],13.2
_1761_,13.18
_0014_,13.16
_1424_,13.16
u_core.u_regfile.rf\[29\]\[12\],13.16
_0127_,13.125
_1762_,13.12
u_core.u_regfile.rf\[6\]\[9\],13.1
net406,13.08
_0594_,13.06
_1467_,13.06
_1552_,13.04
_1676_,13.02
net484,12.98
u_core.u_regfile.rf\[29\]\[11\],12.94
_0518_,12.9
net527,12.9
net251,12.88
_0262_,12.865
_1848_,12.86
_1346_,12.84
net441,12.84
_1100_,12.82
_0851_,12.8
net88,12.8
net100,12.8
net354,12.8
_0614_,12.74
_2020_,12.74
_1066_,12.71
_1076_,12.7
u_core.u_regfile.rf\[6\]\[12\],12.7
_1330_,12.68
_1271_,12.66
_1779_,12.64
_2054_,12.64
_2057_,12.64
_1123_,12.62
_1967_,12.62
u_core.u_regfile.rf\[29\]\[21\],12.62
_0994_,12.58
_0883_,12.56
_1896_,12.54
_2070_,12.54
_1962_,12.52
net105,12.52
_1205_,12.5
_0106_,12.485
_0351_,12.485
_1356_,12.48
_1408_,12.42
_1232_,12.39
u_core.u_regfile.rf\[4\]\[0\],12.38
_1225_,12.36
net391,12.34
net377,12.3
_1252_,12.26
u_core.u_regfile.rf\[29\]\[3\],12.26
_1343_,12.24
net126,12.24
_0873_,12.22
u_core.u_regfile.rf\[2\]\[8\],12.22
u_core.u_regfile.rf\[1\]\[12\],12.215
_0404_,12.205
_0420_,12.205
_0972_,12.2
_1140_,12.2
_0981_,12.18
_0099_,12.165
_0380_,12.165
_1808_,12.16
net125,12.16
_2094_,12.14
_2035_,12.12
u_core.u_regfile.rf\[29\]\[25\],12.12
u_core.u_regfile.rf\[6\]\[17\],12.12
net422,12.12
_1551_,12.08
net420,12.08
net515,12.08
_1153_,12.04
_2074_,12.04
_2052_,12.02
u_core.u_regfile.rf\[29\]\[4\],12
u_core.u_regfile.rf\[4\]\[31\],12
_0107_,11.98
_0394_,11.98
_1002_,11.98
_1422_,11.98
net511,11.98
_1675_,11.96
net389,11.96
_1506_,11.94
_1592_,11.94
_1773_,11.94
_0607_,11.925
_2111_,11.92
u_core.u_regfile.rf\[28\]\[5\],11.88
net16,11.86
_1124_,11.84
u_core.u_regfile.rf\[1\]\[14\],11.84
_1040_,11.82
_1352_,11.8
_1068_,11.78
u_core.u_regfile.rf\[1\]\[3\],11.78
net113,11.78
net530,11.78
net557,11.78
_1746_,11.76
u_core.u_regfile.rf\[5\]\[6\],11.76
_1453_,11.75
_1172_,11.74
_1881_,11.74
_0263_,11.725
_1145_,11.72
_1295_,11.72
net534,11.72
_0926_,11.7
_1072_,11.7
_1607_,11.7
_1938_,11.7
u_core.u_regfile.rf\[4\]\[22\],11.7
net77,11.7
_1882_,11.68
_2011_,11.68
u_core.u_regfile.rf\[7\]\[9\],11.66
_0556_,11.645
_0975_,11.645
_0571_,11.615
_2087_,11.6
_0096_,11.585
_1497_,11.58
_1898_,11.58
_1998_,11.58
u_core.u_regfile.rf\[6\]\[2\],11.58
net439,11.58
_0114_,11.565
_1945_,11.54
_0314_,11.505
_0763_,11.5
_0801_,11.5
net35,11.5
_1159_,11.49
_0109_,11.485
_0123_,11.48
_1070_,11.48
_0918_,11.47
_0865_,11.46
_0471_,11.425
_0522_,11.425
_0665_,11.42
_1384_,11.42
u_core.u_regfile.rf\[4\]\[18\],11.42
u_core.u_regfile.rf\[7\]\[13\],11.42
_0578_,11.36
u_core.u_regfile.rf\[3\]\[23\],11.36
_0610_,11.34
_1007_,11.34
_1867_,11.34
_1466_,11.32
net265,11.32
_1436_,11.3
_0098_,11.285
_0408_,11.285
_1447_,11.28
_0055_,11.245
_0154_,11.245
_0244_,11.245
_0029_,11.24
_1120_,11.24
_1744_,11.24
_1767_,11.24
net434,11.24
net489,11.24
_1609_,11.22
_0185_,11.2
_1229_,11.2
_1611_,11.2
net47,11.2
net424,11.2
_1379_,11.18
_1409_,11.18
_1756_,11.16
_0791_,11.14
_1687_,11.12
_0252_,11.1
_0985_,11.09
_0110_,11.085
_1148_,11.08
_1579_,11.04
_0219_,11.02
_1117_,11.02
_1503_,11.02
gpio_pins[1],11
gpio_pins[6],11
gpio_pins[7],11
u_core.u_regfile.rf\[4\]\[24\],10.98
u_core.u_regfile.rf\[5\]\[1\],10.98
_1345_,10.97
_0121_,10.965
_0598_,10.96
_1121_,10.92
_2046_,10.9
_1083_,10.88
_1654_,10.86
_2047_,10.86
_2060_,10.86
net374,10.86
_0056_,10.825
_0310_,10.825
_0354_,10.825
net363,10.82
_0798_,10.8
_0679_,10.78
_1984_,10.78
_0949_,10.76
u_timer.threshold_reg\[13\],10.76
_1160_,10.74
_1387_,10.74
net129,10.74
_0457_,10.725
u_core.u_regfile.rf\[7\]\[16\],10.72
_0069_,10.715
_0608_,10.705
net118,10.7
_0419_,10.685
_0028_,10.66
_0875_,10.66
_1029_,10.66
_1887_,10.66
_2106_,10.66
u_core.u_regfile.rf\[29\]\[22\],10.66
_0142_,10.64
net474,10.62
_1879_,10.58
u_core.u_regfile.rf\[28\]\[10\],10.58
_1982_,10.56
_0216_,10.525
_0027_,10.52
_0167_,10.505
_0486_,10.495
_0287_,10.465
_0672_,10.46
net370,10.46
net507,10.46
_1986_,10.44
_1990_,10.44
u_core.u_regfile.rf\[4\]\[1\],10.44
net225,10.44
net300,10.44
u_core.u_regfile.rf\[31\]\[4\],10.43
_1568_,10.42
_1616_,10.4
_1840_,10.4
_1987_,10.4
u_core.u_regfile.rf\[29\]\[14\],10.4
net388,10.4
net428,10.4
_0322_,10.385
net542,10.38
net253,10.36
_1757_,10.34
_1347_,10.32
_1891_,10.32
_2003_,10.32
net46,10.32
net166,10.32
_0623_,10.28
_1743_,10.28
_1819_,10.28
_2065_,10.28
net372,10.28
_0155_,10.245
_0255_,10.245
_1771_,10.24
_2088_,10.24
_2107_,10.24
u_core.u_regfile.rf\[29\]\[9\],10.24
net119,10.24
net254,10.24
_0160_,10.225
_1463_,10.22
_0194_,10.2
_0595_,10.2
_0995_,10.2
_1496_,10.2
_1709_,10.2
_1963_,10.2
net298,10.18
_0585_,10.16
u_core.u_regfile.rf\[4\]\[23\],10.16
u_core.u_regfile.rf\[4\]\[30\],10.16
u_core.u_regfile.rf\[6\]\[11\],10.14
_0093_,10.125
_1130_,10.115
_0220_,10.105
_1108_,10.1
net458,10.08
_0323_,10.045
_0349_,10.045
_1006_,10.04
_1403_,10.04
net468,10
net521,10
_0433_,9.985
_1865_,9.98
net139,9.98
net218,9.98
_0004_,9.97
_0213_,9.945
_0259_,9.945
_0619_,9.94
_1240_,9.94
net281,9.94
_1573_,9.92
u_core.u_regfile.rf\[5\]\[29\],9.92
_1045_,9.91
_0887_,9.9
_1838_,9.9
_1892_,9.9
_1390_,9.895
_0251_,9.885
_1321_,9.88
_1342_,9.88
_1550_,9.88
_1650_,9.88
_1800_,9.88
_1988_,9.88
_2014_,9.88
gpio_pins[2],9.88
_0677_,9.86
_0946_,9.86
_1833_,9.86
_1842_,9.86
_1907_,9.86
_1920_,9.86
_2001_,9.86
_2029_,9.86
_2086_,9.86
_2104_,9.86
net494,9.86
_0976_,9.85
_0112_,9.845
_0246_,9.825
_1476_,9.82
_1758_,9.82
u_core.u_regfile.rf\[7\]\[29\],9.82
_1821_,9.8
_0320_,9.785
net239,9.76
net532,9.76
_1947_,9.74
u_core.u_regfile.rf\[7\]\[21\],9.72
_0156_,9.705
_0267_,9.705
u_core.u_regfile.rf\[28\]\[12\],9.7
u_core.u_regfile.rf\[5\]\[26\],9.7
u_core.u_regfile.rf\[1\]\[25\],9.665
_1710_,9.66
_0474_,9.645
_1062_,9.64
_1187_,9.62
_1474_,9.62
net418,9.62
_0379_,9.605
_0434_,9.605
_1269_,9.595
_0935_,9.58
_1292_,9.58
_1575_,9.58
net124,9.58
_0656_,9.55
u_core.u_regfile.rf\[5\]\[7\],9.53
_0870_,9.52
_1797_,9.52
_1845_,9.52
_1916_,9.52
_1983_,9.52
_1989_,9.52
_2013_,9.52
_2025_,9.52
_2084_,9.52
net403,9.52
_0095_,9.505
_0831_,9.5
_1144_,9.5
_0033_,9.48
_1241_,9.48
_2082_,9.48
net409,9.48
_0583_,9.46
_1025_,9.46
_1254_,9.46
_0270_,9.445
_0465_,9.445
_1372_,9.44
_1440_,9.44
_0076_,9.405
_0402_,9.405
_0198_,9.4
net169,9.4
_1977_,9.38
net397,9.38
net453,9.36
net522,9.36
_1729_,9.34
_1902_,9.34
u_core.u_regfile.rf\[4\]\[29\],9.34
_1167_,9.3
_1955_,9.3
_0331_,9.285
_1772_,9.28
u_core.u_regfile.rf\[4\]\[17\],9.28
_0397_,9.245
net112,9.24
_0159_,9.205
_0087_,9.2
_1543_,9.2
_0364_,9.185
_0542_,9.185
_0591_,9.16
u_core.u_regfile.rf\[28\]\[4\],9.16
u_core.u_regfile.rf\[1\]\[5\],9.135
_1508_,9.12
_1540_,9.12
u_core.u_regfile.rf\[1\]\[23\],9.12
u_core.u_regfile.rf\[1\]\[31\],9.12
_0153_,9.105
_0507_,9.105
_0521_,9.105
_0201_,9.1
_0905_,9.1
net62,9.08
net526,9.08
_0520_,9.065
_1069_,9.06
_1591_,9.06
_2019_,9.06
_2101_,9.06
u_core.u_regfile.rf\[27\]\[25\],9.06
net274,9.06
_1334_,9.04
_0217_,9.025
_0557_,9.025
_0587_,9.02
_0999_,9.02
_1149_,9.02
_1884_,9.02
_1890_,9.02
net350,9.02
net413,9.02
u_core.u_regfile.rf\[28\]\[31\],9
_0352_,8.985
_0491_,8.985
_0192_,8.98
net183,8.98
net394,8.98
_1306_,8.96
_1598_,8.96
_1943_,8.96
gpio_pins[5],8.96
_0149_,8.945
_1866_,8.94
u_core.u_regfile.rf\[29\]\[18\],8.94
net286,8.94
net336,8.94
net359,8.94
net361,8.94
net425,8.94
_0477_,8.905
_1603_,8.9
_2075_,8.9
u_core.u_regfile.rf\[29\]\[28\],8.9
net175,8.9
net321,8.9
_0417_,8.885
_1912_,8.88
_0448_,8.865
_1089_,8.86
u_core.u_regfile.rf\[28\]\[2\],8.78
_0333_,8.765
_0555_,8.76
_0296_,8.745
_0161_,8.74
u_core.u_regfile.rf\[28\]\[11\],8.74
_0079_,8.725
net558,8.72
_0008_,8.7
_0573_,8.7
_0843_,8.7
net66,8.7
_0413_,8.665
_0719_,8.66
u_core.u_regfile.rf\[28\]\[0\],8.66
_0324_,8.645
u_core.u_regfile.rf\[5\]\[22\],8.62
net101,8.62
net415,8.62
_0956_,8.6
_1642_,8.6
_1878_,8.6
_2009_,8.6
u_core.u_regfile.rf\[24\]\[2\],8.6
net50,8.6
net57,8.6
net123,8.6
net417,8.6
net465,8.6
net523,8.6
_1811_,8.58
_1869_,8.56
u_core.u_regfile.rf\[31\]\[3\],8.56
u_timer.threshold_reg\[8\],8.56
net52,8.56
net215,8.56
u_core.u_regfile.rf\[5\]\[0\],8.555
_0328_,8.525
_0516_,8.525
_1021_,8.52
_1613_,8.52
_0339_,8.505
_1933_,8.5
u_core.u_regfile.rf\[26\]\[10\],8.5
_0117_,8.485
_0332_,8.485
_0399_,8.485
_1595_,8.48
_1951_,8.48
net134,8.48
_0615_,8.46
u_core.u_regfile.rf\[5\]\[4\],8.46
_1721_,8.44
_2010_,8.44
net121,8.44
net168,8.44
_0366_,8.42
u_core.u_regfile.rf\[28\]\[16\],8.42
u_core.u_regfile.rf\[7\]\[10\],8.42
u_timer.count_reg\[31\],8.415
_0777_,8.4
_0804_,8.4
_1664_,8.4
net86,8.4
_0929_,8.38
_0067_,8.325
_0680_,8.32
_0172_,8.265
_0936_,8.24
_0226_,8.225
_0003_,8.22
_1690_,8.22
u_core.u_regfile.rf\[4\]\[7\],8.2
_0085_,8.185
_0961_,8.18
_0567_,8.16
_1259_,8.16
_1182_,8.14
u_core.u_regfile.rf\[27\]\[27\],8.14
u_core.u_regfile.rf\[2\]\[9\],8.14
net144,8.14
net216,8.14
net278,8.14
net310,8.14
net368,8.14
net481,8.14
_1061_,8.12
_1166_,8.12
_1978_,8.12
u_core.u_regfile.rf\[24\]\[13\],8.12
u_core.u_regfile.rf\[2\]\[27\],8.12
_0947_,8.1
_1035_,8.1
_1036_,8.1
_1380_,8.1
_1788_,8.1
_1815_,8.1
u_core.u_regfile.rf\[25\]\[8\],8.1
net311,8.1
net538,8.1
_0023_,8.08
_0406_,8.08
_0090_,8.065
_0409_,8.065
_0495_,8.065
_0564_,8.065
_0764_,8.06
_1948_,8.06
_2089_,8.06
net227,8.06
_1944_,8.04
_0427_,8.025
_0940_,8.02
_2022_,8.02
u_core.u_regfile.rf\[25\]\[3\],8.02
u_core.u_regfile.rf\[29\]\[17\],8.02
u_core.u_regfile.rf\[4\]\[6\],8.02
net249,8.02
net487,8.02
net503,8.02
_0064_,8.005
_0592_,8
_2068_,8
_0527_,7.98
net44,7.98
net496,7.98
net528,7.98
_1784_,7.96
_0148_,7.945
_0455_,7.945
_1754_,7.94
_1774_,7.94
_2053_,7.94
u_core.u_regfile.rf\[1\]\[15\],7.915
_1437_,7.9
_1844_,7.9
_2085_,7.9
_2105_,7.9
u_core.u_regfile.rf\[28\]\[13\],7.9
_0312_,7.88
_0807_,7.88
u_timer.threshold_reg\[9\],7.88
_0210_,7.865
u_core.u_regfile.rf\[28\]\[18\],7.86
_0388_,7.845
_0479_,7.845
net436,7.82
_0083_,7.805
_0566_,7.805
_0195_,7.78
net393,7.78
_0034_,7.76
_0063_,7.745
_0586_,7.74
u_core.u_regfile.rf\[28\]\[6\],7.74
_0227_,7.725
_0461_,7.705
_0568_,7.7
net149,7.7
_0146_,7.685
_1333_,7.68
u_core.u_regfile.rf\[24\]\[3\],7.68
u_core.u_regfile.rf\[27\]\[1\],7.68
u_core.u_regfile.rf\[30\]\[1\],7.68
net202,7.68
net488,7.68
net514,7.68
_1588_,7.66
u_core.u_regfile.rf\[4\]\[28\],7.66
_1605_,7.64
_1873_,7.64
_2099_,7.64
u_core.u_regfile.rf\[1\]\[2\],7.64
net502,7.64
net550,7.64
_0257_,7.605
_1747_,7.6
u_timer.threshold_reg\[31\],7.6
_2069_,7.58
_0126_,7.565
_0526_,7.565
_1184_,7.56
_1643_,7.56
_1718_,7.56
net142,7.56
net395,7.56
net540,7.56
net562,7.56
_1341_,7.54
net43,7.54
_1001_,7.52
_1095_,7.52
_1262_,7.52
_1557_,7.52
_1732_,7.52
_1918_,7.52
_2066_,7.52
net365,7.52
net412,7.52
_1952_,7.5
_0116_,7.48
u_core.u_regfile.rf\[7\]\[25\],7.46
u_core.u_regfile.rf\[2\]\[7\],7.44
net457,7.44
_1520_,7.4
u_core.u_regfile.rf\[7\]\[28\],7.4
_0376_,7.385
_0442_,7.385
_0460_,7.385
_0483_,7.385
net164,7.36
net533,7.36
_0223_,7.345
_0367_,7.345
_0025_,7.34
_1016_,7.34
net14,7.34
_0059_,7.32
net381,7.32
_0396_,7.315
_0184_,7.3
_0174_,7.245
net174,7.24
net464,7.24
net553,7.24
_0139_,7.225
_0196_,7.22
_1110_,7.22
_1282_,7.22
_1733_,7.22
u_core.u_regfile.rf\[25\]\[15\],7.22
u_core.u_regfile.rf\[25\]\[4\],7.22
u_core.u_regfile.rf\[29\]\[19\],7.22
u_core.u_regfile.rf\[3\]\[31\],7.22
net60,7.22
net110,7.22
net214,7.22
net244,7.22
net258,7.22
net437,7.22
net462,7.22
_0205_,7.2
_1239_,7.2
_1760_,7.2
_1949_,7.2
_1438_,7.18
_1439_,7.18
u_core.u_regfile.rf\[25\]\[6\],7.18
u_core.u_regfile.rf\[4\]\[21\],7.18
u_timer.threshold_reg\[7\],7.18
net78,7.18
net106,7.18
net264,7.18
net500,7.18
_0288_,7.165
_0133_,7.145
_0291_,7.145
_0308_,7.145
_1431_,7.14
_1517_,7.14
_2042_,7.14
_2078_,7.14
_0508_,7.135
_1663_,7.12
_1850_,7.12
_0131_,7.105
_0412_,7.105
_0822_,7.1
_1170_,7.1
_1534_,7.1
_1576_,7.1
_1999_,7.1
_2079_,7.1
u_core.u_regfile.rf\[1\]\[29\],7.1
net147,7.1
net211,7.1
_0052_,7.085
_0497_,7.085
_1608_,7.08
u_core.u_regfile.rf\[5\]\[5\],7.08
_0835_,7.06
_0997_,7.06
_1426_,7.06
_2058_,7.06
net15,7.06
net493,7.06
_0230_,7.045
_0089_,7.025
_0405_,7.015
_1738_,7
_2015_,6.98
_2080_,6.98
net452,6.98
_0523_,6.925
net102,6.9
net524,6.9
_0103_,6.885
_0431_,6.885
_0048_,6.88
_0681_,6.88
_2112_,6.88
_0675_,6.86
u_core.u_regfile.rf\[7\]\[1\],6.86
_1547_,6.84
_0256_,6.825
_0505_,6.825
_1289_,6.79
_0363_,6.785
_0415_,6.785
_1560_,6.78
u_core.u_regfile.rf\[27\]\[17\],6.78
net79,6.78
net96,6.78
net444,6.78
net460,6.78
rst_n,6.77
_1180_,6.76
_1199_,6.76
u_core.u_regfile.rf\[27\]\[4\],6.76
net75,6.76
net83,6.76
net246,6.76
net287,6.76
net324,6.76
net353,6.76
net387,6.76
net398,6.76
net411,6.76
net510,6.76
net535,6.76
net556,6.76
_0882_,6.72
_1622_,6.72
_1652_,6.72
_1657_,6.72
_1801_,6.72
_1823_,6.72
_1928_,6.72
_1992_,6.72
net475,6.72
net480,6.72
_0368_,6.705
_0447_,6.705
_1017_,6.7
_1179_,6.7
u_core.u_regfile.rf\[4\]\[16\],6.7
_0546_,6.695
_0157_,6.685
_0385_,6.685
_1820_,6.66
_1940_,6.66
u_core.u_regfile.rf\[4\]\[25\],6.66
net117,6.66
_0235_,6.645
_0436_,6.645
_0837_,6.64
u_core.u_regfile.rf\[24\]\[27\],6.64
net56,6.64
net383,6.64
net445,6.64
net459,6.64
u_core.u_regfile.rf\[24\]\[16\],6.62
net456,6.62
_0105_,6.605
_0655_,6.605
_0852_,6.6
_0934_,6.6
_2030_,6.6
net333,6.6
_0342_,6.565
_0355_,6.54
_0392_,6.525
net356,6.52
_0360_,6.5
_0596_,6.5
_1596_,6.5
_0019_,6.48
u_core.u_regfile.rf\[5\]\[28\],6.48
_0463_,6.465
_0504_,6.465
net107,6.44
_0467_,6.425
_0031_,6.42
_0530_,6.42
_0175_,6.4
_1077_,6.4
_1535_,6.4
_1814_,6.4
net53,6.4
_0039_,6.38
_1219_,6.38
_0065_,6.365
_0120_,6.365
_0144_,6.365
_0294_,6.365
_0371_,6.365
_0377_,6.365
_0398_,6.365
_0469_,6.365
_0506_,6.365
_1556_,6.36
u_core.u_regfile.rf\[5\]\[30\],6.36
_1043_,6.35
_0068_,6.345
_0171_,6.325
_1880_,6.32
net248,6.32
net257,6.32
net327,6.32
_1638_,6.3
_1860_,6.3
_1960_,6.3
u_core.u_regfile.rf\[24\]\[23\],6.3
u_core.u_regfile.rf\[25\]\[14\],6.3
u_core.u_regfile.rf\[26\]\[17\],6.3
u_core.u_regfile.rf\[27\]\[23\],6.3
u_core.u_regfile.rf\[29\]\[15\],6.3
net108,6.3
net305,6.3
net307,6.3
net334,6.3
net373,6.3
net449,6.3
net477,6.3
_1398_,6.28
u_timer.threshold_reg\[23\],6.28
_1031_,6.26
_1034_,6.26
_1335_,6.26
_1511_,6.26
_1755_,6.26
u_core.u_regfile.rf\[25\]\[17\],6.26
u_core.u_regfile.rf\[25\]\[23\],6.26
u_core.u_regfile.rf\[30\]\[27\],6.26
net99,6.26
net283,6.26
_0241_,6.255
_0182_,6.24
_0318_,6.225
_0538_,6.225
_0335_,6.205
_1602_,6.2
_1619_,6.2
_1872_,6.2
_1932_,6.2
_1995_,6.2
_2023_,6.2
u_core.u_regfile.rf\[29\]\[1\],6.2
u_core.u_regfile.rf\[4\]\[3\],6.2
net364,6.2
net442,6.2
_0234_,6.185
_0289_,6.185
_0303_,6.185
_0440_,6.185
_0552_,6.185
_1256_,6.18
_1407_,6.18
_1578_,6.18
_1763_,6.18
_1765_,6.18
u_core.u_regfile.rf\[7\]\[27\],6.18
net70,6.18
net92,6.18
net115,6.18
net141,6.18
net497,6.18
net505,6.18
_0258_,6.16
_0955_,6.14
_1097_,6.14
_1193_,6.14
_1386_,6.14
_1783_,6.14
_1805_,6.14
_1966_,6.14
net322,6.14
net386,6.14
net463,6.14
_0369_,6.105
_0501_,6.105
_0049_,6.08
net482,6.08
u_core.u_regfile.rf\[1\]\[11\],6.075
_0170_,6.065
_0648_,6.06
_1331_,6.06
_1553_,6.06
_1558_,6.06
_1906_,6.06
u_core.u_regfile.rf\[1\]\[1\],6.06
_0514_,6.04
_0145_,6.025
u_core.u_regfile.rf\[7\]\[30\],6.025
_1656_,6.02
_0321_,6.005
_0330_,6.005
_0334_,6.005
_0509_,6.005
_0682_,5.98
_0868_,5.98
_1459_,5.98
net272,5.98
net299,5.98
net312,5.98
net323,5.98
net520,5.96
_0088_,5.945
_1296_,5.92
_1103_,5.86
net392,5.86
net435,5.86
net537,5.86
_0272_,5.845
_0200_,5.84
_0930_,5.84
_1105_,5.84
_1194_,5.84
_1273_,5.84
_1524_,5.84
_1954_,5.84
u_core.u_regfile.rf\[25\]\[26\],5.84
u_core.u_regfile.rf\[26\]\[18\],5.84
u_core.u_regfile.rf\[2\]\[24\],5.84
u_core.u_regfile.rf\[2\]\[5\],5.84
u_timer.threshold_reg\[5\],5.84
net181,5.84
net222,5.84
net331,5.84
net529,5.84
net548,5.84
net551,5.84
_0572_,5.83
_0151_,5.825
_0629_,5.82
net461,5.82
_0346_,5.805
_1897_,5.8
_1926_,5.8
u_core.u_regfile.rf\[2\]\[28\],5.8
u_core.u_regfile.rf\[30\]\[2\],5.8
u_core.u_regfile.rf\[30\]\[8\],5.8
u_core.u_regfile.rf\[4\]\[4\],5.8
net198,5.8
net379,5.8
net390,5.8
net402,5.8
u_core.u_regfile.rf\[25\]\[12\],5.78
_0215_,5.765
_0428_,5.765
_0348_,5.74
_1080_,5.74
_1825_,5.74
_1827_,5.74
_1857_,5.74
net357,5.74
_0825_,5.72
_1802_,5.72
_1809_,5.72
_1818_,5.72
_1853_,5.72
_1871_,5.72
_1905_,5.72
_1930_,5.72
_1979_,5.72
_2038_,5.72
_2044_,5.72
net48,5.72
net59,5.72
net226,5.72
_1281_,5.7
_0430_,5.695
_1137_,5.68
_1572_,5.68
_1574_,5.68
_1594_,5.68
_1780_,5.68
_1803_,5.68
_2024_,5.68
net82,5.68
net416,5.68
net473,5.68
_0390_,5.665
_1358_,5.665
_0336_,5.645
_0208_,5.62
_0245_,5.62
u_core.u_regfile.rf\[7\]\[23\],5.6
_0080_,5.555
_0411_,5.545
_0484_,5.545
u_core.u_regfile.rf\[1\]\[4\],5.545
_1374_,5.53
audio_out,5.53
_1499_,5.52
_1523_,5.52
net67,5.52
net332,5.52
net408,5.52
net499,5.52
net555,5.52
_0158_,5.505
_0304_,5.505
_1075_,5.5
net326,5.5
_0040_,5.48
u_core.u_regfile.rf\[6\]\[13\],5.48
_0519_,5.475
_0224_,5.465
_0570_,5.46
_0632_,5.46
_1286_,5.46
_1719_,5.4
net37,5.4
net63,5.4
net137,5.4
net247,5.4
net338,5.4
net344,5.4
net352,5.4
net369,5.4
net384,5.4
net472,5.4
net486,5.4
net547,5.4
net552,5.4
net561,5.4
_0176_,5.38
_0630_,5.38
_0647_,5.38
_0969_,5.38
_1024_,5.38
_1064_,5.38
_1425_,5.38
_1501_,5.38
_1810_,5.38
_1816_,5.38
_1829_,5.38
_1864_,5.38
_1921_,5.38
_1946_,5.38
_1956_,5.38
_1975_,5.38
_1993_,5.38
_2018_,5.38
_2100_,5.38
u_core.u_regfile.rf\[26\]\[25\],5.38
u_core.u_regfile.rf\[27\]\[0\],5.38
u_core.u_regfile.rf\[30\]\[4\],5.38
net491,5.38
net518,5.38
net541,5.38
_1099_,5.36
_1365_,5.36
u_core.u_regfile.rf\[29\]\[29\],5.36
_0240_,5.345
_0357_,5.345
_0554_,5.345
_0203_,5.34
_0784_,5.34
_1782_,5.34
_2073_,5.34
u_core.u_regfile.rf\[2\]\[13\],5.34
u_core.u_regfile.rf\[30\]\[10\],5.34
u_core.u_regfile.rf\[3\]\[7\],5.34
net478,5.34
_0281_,5.315
_0168_,5.305
_0264_,5.305
_0359_,5.305
_0489_,5.305
_0502_,5.305
_0503_,5.305
u_core.u_regfile.rf\[28\]\[3\],5.3
gpio_pins[4],5.29
_1290_,5.28
_1326_,5.28
_1836_,5.28
_1924_,5.28
_2031_,5.28
u_core.u_regfile.rf\[6\]\[7\],5.28
_1651_,5.26
_1835_,5.26
_1931_,5.26
_1997_,5.26
net17,5.26
net114,5.26
net219,5.26
net221,5.26
net329,5.26
net427,5.26
net498,5.26
net546,5.26
_0163_,5.24
_1571_,5.22
_1776_,5.22
_1874_,5.22
_1888_,5.22
net93,5.22
_0311_,5.18
_0305_,5.16
_0481_,5.16
_0817_,5.16
_1067_,5.16
_1327_,5.16
_0932_,5.14
_1521_,5.14
_1855_,5.14
_1901_,5.14
_1968_,5.14
u_core.u_regfile.rf\[5\]\[3\],5.14
_0644_,5.12
_0104_,5.085
_0358_,5.065
_0689_,5.06
net36,5.06
net495,5.06
net549,5.06
_0070_,5.045
_0135_,5.045
_0012_,5.04
_0193_,5.04
_1655_,5.04
net469,5.04
_0075_,4.965
u_core.u_regfile.rf\[4\]\[19\],4.94
net54,4.94
net132,4.94
net152,4.94
net155,4.94
net172,4.94
net455,4.94
net563,4.94
_0017_,4.92
_1258_,4.92
_1382_,4.92
_1599_,4.92
_1615_,4.92
_1641_,4.92
_1653_,4.92
_1885_,4.92
_2097_,4.92
u_core.u_regfile.rf\[25\]\[9\],4.92
u_core.u_regfile.rf\[30\]\[21\],4.92
net208,4.92
net273,4.92
net414,4.92
net421,4.92
_0162_,4.905
_0166_,4.905
_0853_,4.905
_1433_,4.9
_2048_,4.9
u_core.u_regfile.rf\[1\]\[26\],4.9
_1316_,4.88
_1768_,4.88
_1769_,4.88
_1804_,4.88
_1904_,4.88
_1915_,4.88
_2072_,4.88
u_core.u_regfile.rf\[3\]\[10\],4.88
u_core.u_regfile.rf\[3\]\[20\],4.88
u_core.u_regfile.rf\[3\]\[27\],4.88
u_timer.threshold_reg\[0\],4.88
gpio_pins[3],4.85
_0100_,4.845
_0102_,4.845
_0221_,4.845
_0302_,4.845
_0375_,4.845
_0472_,4.845
_0164_,4.84
_0115_,4.835
_0231_,4.82
_2050_,4.82
_2083_,4.82
u_core.u_regfile.rf\[25\]\[22\],4.82
u_core.u_regfile.rf\[25\]\[7\],4.82
u_core.u_regfile.rf\[6\]\[23\],4.82
net192,4.82
_0122_,4.805
_0361_,4.805
_1164_,4.8
_1196_,4.8
_1210_,4.8
_1580_,4.8
_1707_,4.8
_1961_,4.8
_2055_,4.8
_2102_,4.8
u_core.u_regfile.rf\[30\]\[23\],4.8
net153,4.8
net179,4.8
net234,4.8
net277,4.8
net288,4.8
net325,4.8
net337,4.8
net539,4.8
_0074_,4.785
_0113_,4.785
_0445_,4.785
net501,4.78
_1475_,4.76
_1581_,4.76
_1660_,4.76
net223,4.76
net320,4.76
net358,4.76
u_core.u_regfile.rf\[1\]\[27\],4.725
_0138_,4.7
_0401_,4.695
_0046_,4.68
_1143_,4.68
_0300_,4.635
_0393_,4.625
_0515_,4.625
_0540_,4.625
_1015_,4.6
u_timer.threshold_reg\[30\],4.6
net51,4.6
net173,4.6
net342,4.6
net517,4.6
_0084_,4.585
_0150_,4.585
_1787_,4.58
_0020_,4.54
_0202_,4.54
_0533_,4.54
_0708_,4.48
_0795_,4.48
_1168_,4.48
u_core.u_regfile.rf\[2\]\[18\],4.48
net58,4.48
net94,4.48
net140,4.48
net185,4.48
net191,4.48
net291,4.48
net375,4.48
net396,4.48
net450,4.48
_0181_,4.46
_0649_,4.46
_0832_,4.46
_1283_,4.46
_1310_,4.46
_1322_,4.46
_1593_,4.46
_1639_,4.46
_1834_,4.46
_1883_,4.46
_1893_,4.46
u_audio.sample_reg\[5\],4.46
u_core.u_regfile.rf\[24\]\[11\],4.46
u_core.u_regfile.rf\[26\]\[2\],4.46
u_core.u_regfile.rf\[27\]\[11\],4.46
u_core.u_regfile.rf\[29\]\[27\],4.46
u_core.u_regfile.rf\[2\]\[21\],4.46
u_core.u_regfile.rf\[5\]\[27\],4.46
net148,4.46
net165,4.46
net186,4.46
net188,4.46
net200,4.46
net203,4.46
net229,4.46
net231,4.46
net232,4.46
net240,4.46
net243,4.46
net266,4.46
net269,4.46
net282,4.46
net289,4.46
net290,4.46
net346,4.46
net355,4.46
net378,4.46
net382,4.46
net400,4.46
net401,4.46
net423,4.46
net467,4.46
net544,4.46
_0356_,4.445
_1974_,4.44
u_core.u_regfile.rf\[28\]\[8\],4.44
u_core.u_regfile.rf\[7\]\[8\],4.44
u_timer.threshold_reg\[12\],4.44
net485,4.44
_0077_,4.425
_0237_,4.425
_0343_,4.425
_0459_,4.425
_0011_,4.42
_1018_,4.42
_1107_,4.42
_1597_,4.42
_1750_,4.42
_1996_,4.42
_2064_,4.42
u_core.u_regfile.rf\[26\]\[0\],4.42
u_core.u_regfile.rf\[30\]\[15\],4.42
_0260_,4.385
_0306_,4.385
_0452_,4.385
_0458_,4.385
_0561_,4.385
_0119_,4.36
_0645_,4.36
_1227_,4.36
_1514_,4.36
_1527_,4.36
_1662_,4.36
_1971_,4.36
_2021_,4.36
_2033_,4.36
u_core.u_regfile.rf\[26\]\[16\],4.36
_0991_,4.34
_1614_,4.34
_1828_,4.34
_1976_,4.34
_2045_,4.34
net347,4.34
net367,4.34
net448,4.34
_0178_,4.33
_0532_,4.32
_0562_,4.295
_0337_,4.265
_0378_,4.265
_0265_,4.24
u_core.u_regfile.rf\[30\]\[3\],4.22
u_core.u_regfile.rf\[4\]\[9\],4.22
u_core.u_regfile.rf\[7\]\[19\],4.22
_0633_,4.21
_0066_,4.165
_0129_,4.165
_0386_,4.165
_0473_,4.165
_0651_,4.14
_1058_,4.14
_1529_,4.14
net38,4.14
net80,4.14
net103,4.14
net138,4.14
net167,4.14
net178,4.14
net194,4.14
net196,4.14
net261,4.14
net301,4.14
net399,4.14
net536,4.14
_0636_,4.13
_0191_,4.12
_0854_,4.12
_1044_,4.12
_0180_,4.1
_0569_,4.1
_0021_,4.045
_0534_,4.02
_0622_,4.02
_1399_,4.02
u_core.u_regfile.rf\[30\]\[13\],4.02
net42,4.02
net145,4.02
net293,4.02
net314,4.02
net330,4.02
net385,4.02
net405,4.02
net443,4.02
net447,4.02
net554,4.02
_0037_,4
_0044_,4
_0190_,4
_1175_,4
_1213_,4
_1361_,4
_1542_,4
_1843_,4
_1856_,4
u_core.u_regfile.rf\[25\]\[19\],4
u_core.u_regfile.rf\[26\]\[28\],4
u_core.u_regfile.rf\[26\]\[9\],4
u_core.u_regfile.rf\[27\]\[24\],4
u_core.u_regfile.rf\[27\]\[29\],4
u_core.u_regfile.rf\[29\]\[30\],4
u_core.u_regfile.rf\[2\]\[2\],4
u_core.u_regfile.rf\[3\]\[16\],4
u_core.u_regfile.rf\[3\]\[2\],4
net39,4
net131,4
net156,4
net193,4
net204,4
net213,4
net285,4
net306,4
net309,4
net371,4
net376,4
_0362_,3.985
u_core.u_regfile.rf\[25\]\[24\],3.98
u_core.u_regfile.rf\[27\]\[13\],3.98
_0057_,3.965
_0058_,3.965
_0072_,3.965
_0365_,3.965
_0400_,3.965
_0498_,3.965
_0143_,3.925
_0309_,3.925
_0317_,3.925
_0511_,3.925
_0517_,3.925
_0547_,3.925
_0060_,3.92
u_core.u_regfile.rf\[27\]\[7\],3.9
u_core.u_regfile.rf\[3\]\[24\],3.9
_1197_,3.88
_1548_,3.88
_1635_,3.88
_1665_,3.88
_1895_,3.88
_1913_,3.88
_1934_,3.88
_1965_,3.88
_1972_,3.88
net40,3.88
net127,3.88
net199,3.88
net362,3.88
net366,3.88
net560,3.88
_0353_,3.825
_0036_,3.805
_0137_,3.805
_0325_,3.805
_0425_,3.805
_0468_,3.805
_0280_,3.8
_0295_,3.8
_0370_,3.8
_0443_,3.8
_0466_,3.8
_0487_,3.8
_0499_,3.8
_0082_,3.78
_0490_,3.78
net72,3.78
_0980_,3.76
_1435_,3.73
_0329_,3.705
_0395_,3.705
_0407_,3.705
_0435_,3.705
_0565_,3.705
_0660_,3.68
_1537_,3.68
_1894_,3.68
net160,3.68
net201,3.68
net206,3.68
net294,3.68
net302,3.68
net339,3.68
net404,3.68
net419,3.68
_0042_,3.66
_0206_,3.66
_0669_,3.65
_0118_,3.625
_0350_,3.625
_0537_,3.585
_0179_,3.56
_1081_,3.56
_1348_,3.56
_0013_,3.54
_0531_,3.54
_0580_,3.54
_1570_,3.54
_1770_,3.54
_1806_,3.54
_1839_,3.54
_1841_,3.54
_1903_,3.54
_1957_,3.54
_2043_,3.54
u_core.u_regfile.rf\[24\]\[4\],3.54
u_core.u_regfile.rf\[26\]\[1\],3.54
u_core.u_regfile.rf\[26\]\[24\],3.54
u_core.u_regfile.rf\[26\]\[3\],3.54
u_core.u_regfile.rf\[26\]\[8\],3.54
u_core.u_regfile.rf\[27\]\[3\],3.54
u_core.u_regfile.rf\[30\]\[9\],3.54
net154,3.54
net158,3.54
net159,3.54
net161,3.54
net176,3.54
net236,3.54
net313,3.54
net345,3.54
net471,3.54
net490,3.54
net525,3.54
_0177_,3.52
_0902_,3.52
_1048_,3.52
_0449_,3.515
_0211_,3.505
_0275_,3.505
_0345_,3.505
_0414_,3.505
_0050_,3.465
_0140_,3.465
_0276_,3.465
_0277_,3.465
_0282_,3.465
_0283_,3.465
_0292_,3.465
_0301_,3.465
_0307_,3.465
_0327_,3.465
_0341_,3.465
_0372_,3.465
_0384_,3.465
_0387_,3.465
_0389_,3.465
_0391_,3.465
_0418_,3.465
_0446_,3.465
_0470_,3.465
_0475_,3.465
_0488_,3.465
_0494_,3.465
_0496_,3.465
_0539_,3.465
_0545_,3.465
_0563_,3.465
_0078_,3.44
_0959_,3.44
_1084_,3.44
_1659_,3.44
_1950_,3.44
_1991_,3.44
u_core.u_regfile.rf\[30\]\[12\],3.44
_0652_,3.42
_1981_,3.42
_2091_,3.42
net95,3.42
net189,3.42
net279,3.42
net429,3.42
net430,3.42
_0062_,3.405
_0313_,3.405
_0315_,3.405
_0410_,3.405
_0432_,3.405
_0439_,3.405
_0464_,3.405
_0512_,3.405
_0233_,3.345
_0525_,3.345
_0222_,3.34
_0416_,3.34
_0524_,3.34
_0536_,3.34
_0108_,3.32
u_core.u_regfile.rf\[7\]\[26\],3.3
net74,3.27
_0081_,3.265
_0073_,3.245
_0124_,3.245
_0279_,3.245
_0560_,3.245
_0676_,3.22
_0809_,3.22
_0032_,3.2
_0035_,3.2
_1485_,3.2
_0165_,3.175
_0212_,3.175
_0403_,3.175
_0478_,3.175
_0101_,3.145
_0232_,3.145
_1233_,3.14
_0239_,3.125
_0297_,3.125
_0299_,3.125
_0493_,3.125
_0550_,3.125
_0010_,3.1
_0646_,3.1
_1248_,3.1
_1742_,3.1
net61,3.1
net87,3.1
net97,3.1
net98,3.1
net260,3.1
net318,3.1
_0618_,3.08
_0915_,3.08
_1370_,3.08
_1539_,3.08
_1832_,3.08
_1859_,3.08
_1889_,3.08
_2012_,3.08
u_core.u_regfile.rf\[24\]\[10\],3.08
u_core.u_regfile.rf\[25\]\[11\],3.08
u_core.u_regfile.rf\[25\]\[13\],3.08
u_core.u_regfile.rf\[25\]\[25\],3.08
u_core.u_regfile.rf\[25\]\[31\],3.08
u_core.u_regfile.rf\[26\]\[5\],3.08
u_core.u_regfile.rf\[27\]\[14\],3.08
u_core.u_regfile.rf\[2\]\[14\],3.08
u_core.u_regfile.rf\[2\]\[17\],3.08
u_core.u_regfile.rf\[2\]\[29\],3.08
u_core.u_regfile.rf\[30\]\[20\],3.08
u_core.u_regfile.rf\[30\]\[26\],3.08
u_core.u_regfile.rf\[30\]\[28\],3.08
u_core.u_regfile.rf\[3\]\[5\],3.08
net81,3.08
net130,3.08
net143,3.08
net187,3.08
net241,3.08
net259,3.08
net271,3.08
net304,3.08
net470,3.06
_0054_,3.005
_0094_,3.005
_0141_,3.005
_0173_,3.005
_0214_,3.005
_0344_,3.005
_1011_,2.98
_1600_,2.98
_1601_,2.98
_1606_,2.98
_1612_,2.98
_1646_,2.98
_1786_,2.98
_1798_,2.98
_1837_,2.98
_1863_,2.98
_1919_,2.98
_1925_,2.98
_0599_,2.96
_0659_,2.96
_0986_,2.96
_1488_,2.96
_1812_,2.96
_1858_,2.96
_2004_,2.96
_2028_,2.96
_2040_,2.96
net69,2.96
net135,2.96
net197,2.96
net340,2.96
net492,2.96
_0128_,2.945
_0207_,2.945
_0228_,2.945
_0274_,2.945
_0293_,2.945
_0298_,2.945
_0374_,2.945
_0421_,2.945
_0422_,2.945
_0551_,2.945
_0229_,2.885
_0426_,2.885
_0273_,2.86
_1516_,2.86
net509,2.86
u_timer.threshold_reg\[3\],2.85
_0896_,2.84
_1226_,2.84
_1427_,2.84
u_core.u_regfile.rf\[5\]\[25\],2.84
_0053_,2.785
_0225_,2.785
_0236_,2.785
_0271_,2.785
_0278_,2.785
_0284_,2.785
_0285_,2.785
_0286_,2.785
_0290_,2.785
_0316_,2.785
_0319_,2.785
_0340_,2.785
_0373_,2.785
_0382_,2.785
_0383_,2.785
_0423_,2.785
_0437_,2.785
_0438_,2.785
_0450_,2.785
_0454_,2.785
_0480_,2.785
_0485_,2.785
_0492_,2.785
_0500_,2.785
_0541_,2.785
_0543_,2.785
_0548_,2.785
_0559_,2.785
_1212_,2.76
_1257_,2.76
net242,2.76
net506,2.76
_0016_,2.74
_0962_,2.74
_0199_,2.72
_0424_,2.715
_0529_,2.665
_1510_,2.64
u_core.u_regfile.rf\[27\]\[19\],2.64
u_core.u_regfile.rf\[2\]\[25\],2.64
_0043_,2.62
_0528_,2.62
_0574_,2.62
_0978_,2.62
_1055_,2.62
_1429_,2.62
_1822_,2.62
_1852_,2.62
u_core.u_regfile.rf\[24\]\[18\],2.62
u_core.u_regfile.rf\[24\]\[19\],2.62
u_core.u_regfile.rf\[25\]\[0\],2.62
u_core.u_regfile.rf\[25\]\[16\],2.62
u_core.u_regfile.rf\[25\]\[20\],2.62
u_core.u_regfile.rf\[26\]\[13\],2.62
u_core.u_regfile.rf\[26\]\[14\],2.62
u_core.u_regfile.rf\[26\]\[15\],2.62
u_core.u_regfile.rf\[26\]\[23\],2.62
u_core.u_regfile.rf\[26\]\[4\],2.62
u_core.u_regfile.rf\[27\]\[28\],2.62
u_core.u_regfile.rf\[27\]\[31\],2.62
u_core.u_regfile.rf\[27\]\[5\],2.62
u_core.u_regfile.rf\[2\]\[19\],2.62
u_core.u_regfile.rf\[2\]\[6\],2.62
u_core.u_regfile.rf\[30\]\[14\],2.62
u_core.u_regfile.rf\[30\]\[18\],2.62
u_core.u_regfile.rf\[30\]\[19\],2.62
u_core.u_regfile.rf\[30\]\[24\],2.62
u_core.u_regfile.rf\[30\]\[25\],2.62
u_core.u_regfile.rf\[30\]\[31\],2.62
u_core.u_regfile.rf\[3\]\[14\],2.62
u_core.u_regfile.rf\[3\]\[15\],2.62
u_core.u_regfile.rf\[3\]\[17\],2.62
u_core.u_regfile.rf\[3\]\[19\],2.62
u_core.u_regfile.rf\[3\]\[26\],2.62
u_core.u_regfile.rf\[3\]\[30\],2.62
u_core.u_regfile.rf\[3\]\[9\],2.62
net182,2.62
net237,2.62
net270,2.62
net292,2.62
_0441_,2.545
_0482_,2.545
_0510_,2.545
_0549_,2.545
_0136_,2.52
_1610_,2.52
_1661_,2.52
_1846_,2.52
_1847_,2.52
_1854_,2.52
_2096_,2.52
_2103_,2.52
_0948_,2.5
_1078_,2.5
_1154_,2.5
_1188_,2.5
_2032_,2.5
net45,2.5
net71,2.5
net122,2.5
net162,2.5
net205,2.5
net433,2.5
net440,2.5
net446,2.5
_0238_,2.425
_0912_,2.38
_0097_,2.375
_0381_,2.375
_0476_,2.375
_0134_,2.325
_0209_,2.325
_0269_,2.325
_0451_,2.325
_0462_,2.325
_0544_,2.325
_0204_,2.3
u_timer.threshold_reg\[11\],2.3
_0024_,2.28
_0038_,2.28
_0061_,2.205
_1060_,2.18
_1287_,2.18
u_core.u_regfile.rf\[24\]\[8\],2.18
u_core.u_regfile.rf\[25\]\[27\],2.18
u_core.u_regfile.rf\[27\]\[21\],2.18
u_core.u_regfile.rf\[3\]\[11\],2.18
_0015_,2.16
_1020_,2.16
_1531_,2.16
_1604_,2.16
_1637_,2.16
_1826_,2.16
_1849_,2.16
u_audio.sample_reg\[3\],2.16
u_audio.sample_reg\[4\],2.16
u_audio.sample_reg\[6\],2.16
u_core.u_regfile.rf\[24\]\[12\],2.16
u_core.u_regfile.rf\[27\]\[18\],2.16
u_core.u_regfile.rf\[27\]\[26\],2.16
u_core.u_regfile.rf\[2\]\[3\],2.16
u_core.u_regfile.rf\[30\]\[29\],2.16
u_core.u_regfile.rf\[30\]\[7\],2.16
u_core.u_regfile.rf\[3\]\[18\],2.16
net73,2.16
net163,2.16
net224,2.16
net276,2.16
net519,2.16
_0169_,2.125
_0429_,2.125
_0444_,2.125
_0810_,2.06
_1032_,2.06
_1176_,2.06
_1234_,2.06
_1500_,2.06
_1504_,2.06
_1507_,2.06
_1561_,2.06
_1766_,2.06
_1831_,2.06
_1929_,2.06
u_core.u_regfile.rf\[26\]\[11\],2.06
u_core.u_regfile.rf\[27\]\[9\],2.06
_0654_,2.04
_1054_,2.04
_1383_,2.04
_1460_,2.04
_1582_,2.04
_1817_,2.04
net451,2.04
_1462_,1.94
u_timer.threshold_reg\[10\],1.93
u_timer.threshold_reg\[6\],1.93
_0071_,1.865
_0218_,1.865
_0453_,1.865
_0535_,1.865
_0553_,1.865
_0642_,1.865
_0183_,1.84
net41,1.84
net65,1.84
net209,1.84
net250,1.84
net295,1.84
net296,1.84
net303,1.84
net328,1.84
_0007_,1.82
_0009_,1.82
_0186_,1.82
_0188_,1.82
_0892_,1.72
_1441_,1.72
u_core.u_regfile.rf\[24\]\[20\],1.72
u_core.u_regfile.rf\[25\]\[28\],1.72
u_core.u_regfile.rf\[26\]\[29\],1.72
u_core.u_regfile.rf\[26\]\[31\],1.72
u_core.u_regfile.rf\[30\]\[16\],1.72
u_core.u_regfile.rf\[3\]\[1\],1.72
u_core.u_regfile.rf\[3\]\[21\],1.72
net177,1.72
net315,1.72
_0018_,1.7
_0187_,1.7
_0197_,1.7
_0848_,1.7
_0937_,1.7
_1046_,1.7
_1181_,1.7
_1266_,1.7
u_core.u_regfile.rf\[24\]\[22\],1.7
u_core.u_regfile.rf\[24\]\[30\],1.7
u_core.u_regfile.rf\[24\]\[31\],1.7
u_core.u_regfile.rf\[24\]\[6\],1.7
u_core.u_regfile.rf\[25\]\[10\],1.7
u_core.u_regfile.rf\[25\]\[21\],1.7
u_core.u_regfile.rf\[25\]\[30\],1.7
u_core.u_regfile.rf\[26\]\[21\],1.7
u_core.u_regfile.rf\[27\]\[10\],1.7
u_core.u_regfile.rf\[27\]\[30\],1.7
u_core.u_regfile.rf\[27\]\[6\],1.7
u_core.u_regfile.rf\[27\]\[8\],1.7
u_core.u_regfile.rf\[2\]\[11\],1.7
u_core.u_regfile.rf\[2\]\[15\],1.7
u_core.u_regfile.rf\[2\]\[22\],1.7
u_core.u_regfile.rf\[2\]\[23\],1.7
u_core.u_regfile.rf\[2\]\[26\],1.7
u_core.u_regfile.rf\[30\]\[17\],1.7
u_core.u_regfile.rf\[30\]\[5\],1.7
u_core.u_regfile.rf\[30\]\[6\],1.7
u_core.u_regfile.rf\[3\]\[13\],1.7
u_core.u_regfile.rf\[3\]\[4\],1.7
u_core.u_regfile.rf\[3\]\[6\],1.7
u_timer.threshold_reg\[22\],1.7
u_timer.threshold_reg\[4\],1.7
net171,1.7
net228,1.7
net280,1.7
net316,1.7
net380,1.7
_0338_,1.685
_1513_,1.68
_0805_,1.6
_1090_,1.6
_1851_,1.6
_1958_,1.6
_1985_,1.6
_2007_,1.6
_2027_,1.6
_2095_,1.6
u_core.u_regfile.rf\[25\]\[5\],1.6
_1512_,1.48
_0147_,1.46
_0092_,1.405
_0513_,1.405
_0558_,1.405
_1727_,1.38
_1734_,1.38
_1752_,1.38
u_audio.sample_reg\[2\],1.38
net146,1.38
net151,1.38
net157,1.38
net170,1.38
net180,1.38
net184,1.38
net190,1.38
net195,1.38
net207,1.38
net210,1.38
net212,1.38
net217,1.38
net220,1.38
net230,1.38
net233,1.38
net235,1.38
net238,1.38
net245,1.38
net252,1.38
net256,1.38
net262,1.38
net263,1.38
net267,1.38
net268,1.38
net275,1.38
net284,1.38
net297,1.38
net308,1.38
net335,1.38
net341,1.38
net343,1.38
net348,1.38
net349,1.38
net351,1.38
net407,1.38
net432,1.38
net438,1.38
net454,1.38
net479,1.38
net516,1.38
_0863_,1.36
_0022_,1.26
u_core.u_regfile.rf\[24\]\[0\],1.26
u_core.u_regfile.rf\[24\]\[14\],1.26
u_core.u_regfile.rf\[24\]\[15\],1.26
u_core.u_regfile.rf\[24\]\[17\],1.26
u_core.u_regfile.rf\[24\]\[24\],1.26
u_core.u_regfile.rf\[24\]\[25\],1.26
u_core.u_regfile.rf\[24\]\[26\],1.26
u_core.u_regfile.rf\[24\]\[29\],1.26
u_core.u_regfile.rf\[24\]\[5\],1.26
u_core.u_regfile.rf\[24\]\[7\],1.26
u_core.u_regfile.rf\[25\]\[18\],1.26
u_core.u_regfile.rf\[25\]\[1\],1.26
u_core.u_regfile.rf\[25\]\[29\],1.26
u_core.u_regfile.rf\[26\]\[19\],1.26
u_core.u_regfile.rf\[26\]\[22\],1.26
u_core.u_regfile.rf\[26\]\[27\],1.26
u_core.u_regfile.rf\[26\]\[30\],1.26
u_core.u_regfile.rf\[26\]\[7\],1.26
u_core.u_regfile.rf\[27\]\[12\],1.26
u_core.u_regfile.rf\[27\]\[16\],1.26
u_core.u_regfile.rf\[27\]\[20\],1.26
u_core.u_regfile.rf\[27\]\[2\],1.26
u_core.u_regfile.rf\[2\]\[0\],1.26
u_core.u_regfile.rf\[2\]\[16\],1.26
u_core.u_regfile.rf\[2\]\[1\],1.26
u_core.u_regfile.rf\[2\]\[31\],1.26
u_core.u_regfile.rf\[2\]\[4\],1.26
u_core.u_regfile.rf\[30\]\[0\],1.26
u_core.u_regfile.rf\[30\]\[11\],1.26
u_core.u_regfile.rf\[3\]\[22\],1.26
u_core.u_regfile.rf\[3\]\[25\],1.26
u_core.u_regfile.rf\[3\]\[28\],1.26
u_core.u_regfile.rf\[3\]\[29\],1.26
u_core.u_regfile.rf\[3\]\[3\],1.26
u_core.u_regfile.rf\[3\]\[8\],1.26
_0650_,1.14
_0819_,1.14
_1161_,1.14
_1311_,1.14
_1617_,1.14
_1618_,1.14
_1620_,1.14
_1621_,1.14
_1636_,1.14
_1640_,1.14
_1645_,1.14
_1764_,1.14
_1775_,1.14
_1785_,1.14
_1789_,1.14
_1799_,1.14
_1807_,1.14
_1813_,1.14
_1900_,1.14
_1908_,1.14
_1909_,1.14
_1910_,1.14
_1911_,1.14
_1914_,1.14
_1922_,1.14
_1923_,1.14
_1927_,1.14
_1959_,1.14
_1964_,1.14
_1973_,1.14
_1980_,1.14
_2000_,1.14
_2002_,1.14
_2005_,1.14
_2006_,1.14
_2008_,1.14
_2016_,1.14
_2017_,1.14
_2026_,1.14
_2034_,1.14
_2037_,1.14
_2039_,1.14
_2056_,1.14
_2059_,1.14
_2076_,1.14
_2081_,1.14
_2090_,1.14
_2093_,1.14
u_core.u_regfile.rf\[26\]\[26\],1.14
u_core.u_regfile.rf\[2\]\[12\],1.14
u_core.u_regfile.rf\[3\]\[0\],1.14
_1402_,0.92
_1745_,0.92
_1753_,0.92
u_timer.threshold_reg\[25\],0.92
u_core.u_regfile.rf\[24\]\[1\],0.8
u_core.u_regfile.rf\[24\]\[21\],0.8
u_core.u_regfile.rf\[24\]\[28\],0.8
u_core.u_regfile.rf\[24\]\[9\],0.8
u_core.u_regfile.rf\[26\]\[12\],0.8
u_core.u_regfile.rf\[26\]\[20\],0.8
u_core.u_regfile.rf\[26\]\[6\],0.8
u_core.u_regfile.rf\[27\]\[15\],0.8
u_core.u_regfile.rf\[27\]\[22\],0.8
u_core.u_regfile.rf\[2\]\[10\],0.8
u_core.u_regfile.rf\[2\]\[20\],0.8
u_core.u_regfile.rf\[2\]\[30\],0.8
u_core.u_regfile.rf\[30\]\[22\],0.8
u_core.u_regfile.rf\[30\]\[30\],0.8
u_core.u_regfile.rf\[3\]\[12\],0.8
u_timer.threshold_reg\[2\],0.69
_0657_,0.46
_1264_,0.46
_1545_,0.46
_1748_,0.46
u_audio.sample_reg\[1\],0.46
u_audio.sample_reg\[7\],0.46
u_timer.threshold_reg\[1\],0.46
net531,0.46
